Simp_Name,Name,Missing,Total,Perc_Missing,Extra_Name,OG_Name,Data_Source,Accession,Group,Maize_Type,Ab10_Status,B_Chrom_Status,Latitude,Longitude,Altitude,DTA_BLUP,DTS_BLUP,PH_BLUP,PresTiller_BLUP
SEEDGWAS1095.RN,SEEDGWAS1095.RN,6009930,6023160,0.997803478572709,1.RN,SEEDGWAS1095.1.RN,Romero-Navarro_etal_2017,CIMMYTMA-BANK-002036,NA,Landrace,Unknown,Unknown,18.75,-99.45,1051,NA,NA,NA,NA
SEEDGWAS1900.RN,SEEDGWAS1900.RN,6014802,6023160,0.998612356304664,1.RN,SEEDGWAS1900.1.RN,Romero-Navarro_etal_2017,CIMMYTMA-BANK-004123,NA,Landrace,Unknown,Unknown,NA,NA,NA,NA,NA,NA,NA
SEEDGWAS221.RN,SEEDGWAS221.RN,4516880,4517370,0.99989152980606,1.RN,SEEDGWAS221.1.RN,Romero-Navarro_etal_2017,CIMMYTMA-BANK-003942,NA,Landrace,Unknown,Unknown,NA,NA,NA,NA,NA,NA,NA
SEEDGWAS2783.RN,SEEDGWAS2783.RN,6011975,6023160,0.998143001348129,1.RN,SEEDGWAS2783.1.RN,Romero-Navarro_etal_2017,CIMMYTMA-BANK-006097,NA,Landrace,Unknown,Unknown,17.592724,-96.549449,2063,NA,NA,NA,NA
SEEDGWAS3042.RN,SEEDGWAS3042.RN,6004826,6023160,0.996956082853519,1.RN,SEEDGWAS3042.1.RN,Romero-Navarro_etal_2017,CIMMYTMA-BANK-019467,NA,Landrace,Unknown,Unknown,19.86666667,-97.58333333,1837,NA,NA,NA,NA
SEEDGWAS3159.RN,SEEDGWAS3159.RN,6008533,6023160,0.997571540520258,1.RN,SEEDGWAS3159.1.RN,Romero-Navarro_etal_2017,CIMMYTMA-BANK-000061,NA,Landrace,Unknown,Unknown,NA,NA,NA,NA,NA,NA,NA
SEEDGWAS3209.RN,SEEDGWAS3209.RN,6005152,6023160,0.997010207266617,1.RN,SEEDGWAS3209.1.RN,Romero-Navarro_etal_2017,CIMMYTMA-BANK-004524,NA,Landrace,Unknown,Unknown,-28.263266,-54.009359,310,NA,NA,NA,NA
SEEDGWAS3234.RN,SEEDGWAS3234.RN,6023149,6023160,0.999998173716122,1.RN,SEEDGWAS3234.1.RN,Romero-Navarro_etal_2017,CIMMYTMA-BANK-007272,NA,Landrace,Unknown,Unknown,28.11666667,-109.3,401,NA,NA,NA,NA
SEEDGWAS3269.RN,SEEDGWAS3269.RN,6023153,6023160,0.999998837819351,1.RN,SEEDGWAS3269.1.RN,Romero-Navarro_etal_2017,CIMMYTMA-BANK-012492,NA,Landrace,Unknown,Unknown,-32.55,-66.28333333,660,NA,NA,NA,NA
SEEDGWAS3287.RN,SEEDGWAS3287.RN,6007051,6023160,0.997325490274208,1.RN,SEEDGWAS3287.1.RN,Romero-Navarro_etal_2017,CIMMYTMA-BANK-016706,NA,Landrace,Unknown,Unknown,NA,NA,NA,NA,NA,NA,NA
SEEDGWAS3410.RN,SEEDGWAS3410.RN,3010158,3011580,0.999527822604746,1.RN,SEEDGWAS3410.1.RN,Romero-Navarro_etal_2017,CIMMYTMA-BANK-002087,NA,Landrace,Unknown,Unknown,18.75,-99.66666667,1617,NA,NA,NA,NA
SEEDGWAS3466.RN,SEEDGWAS3466.RN,6008024,6023160,0.997487033384469,1.RN,SEEDGWAS3466.1.RN,Romero-Navarro_etal_2017,CIMMYTMA-BANK-006446,NA,Landrace,Unknown,Unknown,NA,NA,NA,NA,NA,NA,NA
SEEDGWAS3468.RN,SEEDGWAS3468.RN,3009555,3011580,0.999327595481442,1.RN,SEEDGWAS3468.1.RN,Romero-Navarro_etal_2017,CIMMYTMA-BANK-006448,NA,Landrace,Unknown,Unknown,NA,NA,NA,NA,NA,NA,NA
SEEDGWAS3896.RN,SEEDGWAS3896.RN,6023069,6023160,0.999984891651558,1.RN,SEEDGWAS3896.1.RN,Romero-Navarro_etal_2017,CIMMYTMA-BANK-007130,NA,Landrace,Unknown,Unknown,24.758618,-107.22923,114,NA,NA,NA,NA
SEEDGWAS3905.RN,SEEDGWAS3905.RN,6023127,6023160,0.999994521148367,1.RN,SEEDGWAS3905.1.RN,Romero-Navarro_etal_2017,CIMMYTMA-BANK-007157,NA,Landrace,Unknown,Unknown,24.71666667,-107.2166667,129,NA,NA,NA,NA
SEEDGWAS4039.RN,SEEDGWAS4039.RN,6004944,6023160,0.996975673898751,1.RN,SEEDGWAS4039.1.RN,Romero-Navarro_etal_2017,CIMMYTMA-BANK-000088,NA,Landrace,Unknown,Unknown,18.334624,-97.353287,1256,NA,NA,NA,NA
SEEDGWAS4074.RN,SEEDGWAS4074.RN,6005637,6023160,0.997090729783037,1.RN,SEEDGWAS4074.1.RN,Romero-Navarro_etal_2017,CIMMYTMA-BANK-006421,NA,Landrace,Unknown,Unknown,NA,NA,NA,NA,NA,NA,NA
SEEDGWAS4095.RN,SEEDGWAS4095.RN,6007708,6023160,0.997434569229441,1.RN,SEEDGWAS4095.1.RN,Romero-Navarro_etal_2017,CIMMYTMA-BANK-006553,NA,Landrace,Unknown,Unknown,NA,NA,NA,NA,NA,NA,NA
SEEDGWAS4104.RN,SEEDGWAS4104.RN,6005454,6023160,0.997060347060347,1.RN,SEEDGWAS4104.1.RN,Romero-Navarro_etal_2017,CIMMYTMA-BANK-006625,NA,Landrace,Unknown,Unknown,NA,NA,NA,NA,NA,NA,NA
SEEDGWAS4131.RN,SEEDGWAS4131.RN,6006342,6023160,0.997207777977009,1.RN,SEEDGWAS4131.1.RN,Romero-Navarro_etal_2017,CIMMYTMA-BANK-010162,NA,Landrace,Unknown,Unknown,NA,NA,NA,NA,NA,NA,NA
SEEDGWAS4146.RN,SEEDGWAS4146.RN,6019973,6023160,0.999470875752927,1.RN,SEEDGWAS4146.1.RN,Romero-Navarro_etal_2017,CIMMYTMA-BANK-012031,NA,Landrace,Unknown,Unknown,NA,NA,NA,NA,NA,NA,NA
SEEDGWAS4147.RN,SEEDGWAS4147.RN,6012041,6023160,0.998153959051395,1.RN,SEEDGWAS4147.1.RN,Romero-Navarro_etal_2017,CIMMYTMA-BANK-012033,NA,Landrace,Unknown,Unknown,NA,NA,NA,NA,NA,NA,NA
SEEDGWAS4150.RN,SEEDGWAS4150.RN,6023120,6023160,0.999993358967718,1.RN,SEEDGWAS4150.1.RN,Romero-Navarro_etal_2017,CIMMYTMA-BANK-012158,NA,Landrace,Unknown,Unknown,-21.408665,-64.275681,1730,NA,NA,NA,NA
SEEDGWAS4155.RN,SEEDGWAS4155.RN,6023138,6023160,0.999996347432245,1.RN,SEEDGWAS4155.1.RN,Romero-Navarro_etal_2017,CIMMYTMA-BANK-014109,NA,Landrace,Unknown,Unknown,NA,NA,NA,NA,NA,NA,NA
SEEDGWAS4156.RN,SEEDGWAS4156.RN,6007681,6023160,0.997430086532651,1.RN,SEEDGWAS4156.1.RN,Romero-Navarro_etal_2017,CIMMYTMA-BANK-014262,NA,Landrace,Unknown,Unknown,20.38333333,-102.95,1546,NA,NA,NA,NA
SEEDGWAS4158.RN,SEEDGWAS4158.RN,6023035,6023160,0.999979246774119,1.RN,SEEDGWAS4158.1.RN,Romero-Navarro_etal_2017,CIMMYTMA-BANK-015530,NA,Landrace,Unknown,Unknown,23.08333333,-109.7166667,83,NA,NA,NA,NA
SEEDGWAS4166.RN,SEEDGWAS4166.RN,6023136,6023160,0.999996015380631,1.RN,SEEDGWAS4166.1.RN,Romero-Navarro_etal_2017,CIMMYTMA-BANK-016712,NA,Landrace,Unknown,Unknown,NA,NA,NA,NA,NA,NA,NA
SEEDGWAS4167.RN,SEEDGWAS4167.RN,6023135,6023160,0.999995849354824,1.RN,SEEDGWAS4167.1.RN,Romero-Navarro_etal_2017,CIMMYTMA-BANK-016116,NA,Landrace,Unknown,Unknown,NA,NA,NA,NA,NA,NA,NA
SEEDGWAS4464.RN,SEEDGWAS4464.RN,6012245,6023160,0.998187828316033,1.RN,SEEDGWAS4464.1.RN,Romero-Navarro_etal_2017,CIMMYTMA-BANK-007582,NA,Landrace,Unknown,Unknown,19.268596,-98.523863,2438,NA,NA,NA,NA
SEEDGWAS4467.RN,SEEDGWAS4467.RN,6007249,6023160,0.997358363384004,1.RN,SEEDGWAS4467.1.RN,Romero-Navarro_etal_2017,CIMMYTMA-BANK-007614,NA,Landrace,Unknown,Unknown,19.33333333,-98.48333333,2355,NA,NA,NA,NA
SEEDGWAS4479.RN,SEEDGWAS4479.RN,6008038,6023160,0.997489357745768,1.RN,SEEDGWAS4479.1.RN,Romero-Navarro_etal_2017,CIMMYTMA-BANK-007717,NA,Landrace,Unknown,Unknown,18.96666667,-98.28333333,2094,NA,NA,NA,NA
SEEDGWAS4487.RN,SEEDGWAS4487.RN,6007649,6023160,0.997424773706825,1.RN,SEEDGWAS4487.1.RN,Romero-Navarro_etal_2017,CIMMYTMA-BANK-007930,NA,Landrace,Unknown,Unknown,30.38333333,-107.9333333,1462,NA,NA,NA,NA
SEEDGWAS4493.RN,SEEDGWAS4493.RN,6007837,6023160,0.997455986558551,1.RN,SEEDGWAS4493.1.RN,Romero-Navarro_etal_2017,CIMMYTMA-BANK-007980,NA,Landrace,Unknown,Unknown,23.972408,-104.682259,1889,NA,NA,NA,NA
SEEDGWAS456.RN,SEEDGWAS456.RN,6005693,6023160,0.997100027228232,1.RN,SEEDGWAS456.1.RN,Romero-Navarro_etal_2017,CIMMYTMA-BANK-017636,NA,Landrace,Unknown,Unknown,19.86666667,-97.58333333,1837,NA,NA,NA,NA
SEEDGWAS4691.RN,SEEDGWAS4691.RN,6022762,6023160,0.999933921728793,1.RN,SEEDGWAS4691.1.RN,Romero-Navarro_etal_2017,CIMMYTMA-BANK-017153,NA,Landrace,Unknown,Unknown,20.6,-102.2166667,2066,NA,NA,NA,NA
SEEDGWAS4793.RN,SEEDGWAS4793.RN,4517362,4517370,0.999998229058058,1.RN,SEEDGWAS4793.1.RN,Romero-Navarro_etal_2017,CIMMYTMA-BANK-020644,NA,Landrace,Unknown,Unknown,24.88333333,-103.6666667,1562,NA,NA,NA,NA
SEEDGWAS4982.RN,SEEDGWAS4982.RN,6016179,6023160,0.998840973840974,1.RN,SEEDGWAS4982.1.RN,Romero-Navarro_etal_2017,CIMMYTMA-BANK-006042,NA,Landrace,Unknown,Unknown,17.190837,-97.867153,2338,NA,NA,NA,NA
SEEDGWAS4995.RN,SEEDGWAS4995.RN,6007659,6023160,0.997426433964895,1.RN,SEEDGWAS4995.1.RN,Romero-Navarro_etal_2017,CIMMYTMA-BANK-007578,NA,Landrace,Unknown,Unknown,18.98333333,-98.16666667,2122,NA,NA,NA,NA
SEEDGWAS4996.RN,SEEDGWAS4996.RN,6009166,6023160,0.997676634856122,1.RN,SEEDGWAS4996.1.RN,Romero-Navarro_etal_2017,CIMMYTMA-BANK-007580,NA,Landrace,Unknown,Unknown,18.98333333,-98.16666667,2122,NA,NA,NA,NA
SEEDGWAS5000.RN,SEEDGWAS5000.RN,6005014,6023160,0.996987295705244,1.RN,SEEDGWAS5000.1.RN,Romero-Navarro_etal_2017,CIMMYTMA-BANK-007608,NA,Landrace,Unknown,Unknown,19.04153,-98.287568,2140,NA,NA,NA,NA
SEEDGWAS5003.RN,SEEDGWAS5003.RN,6004996,6023160,0.996984307240718,1.RN,SEEDGWAS5003.1.RN,Romero-Navarro_etal_2017,CIMMYTMA-BANK-007713,NA,Landrace,Unknown,Unknown,19.81666667,-97.78333333,1924,NA,NA,NA,NA
SEEDGWAS5007.RN,SEEDGWAS5007.RN,6012792,6023160,0.998278644432491,1.RN,SEEDGWAS5007.1.RN,Romero-Navarro_etal_2017,CIMMYTMA-BANK-007737,NA,Landrace,Unknown,Unknown,18.9,-97.96666667,2189,NA,NA,NA,NA
SEEDGWAS5010.RN,SEEDGWAS5010.RN,6013876,6023160,0.998458616407334,1.RN,SEEDGWAS5010.1.RN,Romero-Navarro_etal_2017,CIMMYTMA-BANK-007759,NA,Landrace,Unknown,Unknown,19.2,-101.7,1839,NA,NA,NA,NA
SEEDGWAS5012.RN,SEEDGWAS5012.RN,6004944,6023160,0.996975673898751,1.RN,SEEDGWAS5012.1.RN,Romero-Navarro_etal_2017,CIMMYTMA-BANK-008088,NA,Landrace,Unknown,Unknown,19.9,-102.1666667,1704,NA,NA,NA,NA
SEEDGWAS561.RN,SEEDGWAS561.RN,6011076,6023160,0.99799374414759,1.RN,SEEDGWAS561.1.RN,Romero-Navarro_etal_2017,CIMMYTMA-BANK-025246,NA,Landrace,Unknown,Unknown,NA,NA,NA,NA,NA,NA,NA
SEEDGWAS882.RN,SEEDGWAS882.RN,6006435,6023160,0.997223218377065,1.RN,SEEDGWAS882.1.RN,Romero-Navarro_etal_2017,CIMMYTMA-BANK-007799,NA,Landrace,Unknown,Unknown,-22.612407,-47.210516,600,NA,NA,NA,NA
NA,12S048601.SW,1504372,1505790,0.999058301622404,NA,NA,Swarts_etal_2017,PI_485116:Chihuahua,N.Mexico Unknown,Landrace,Unknown,Unknown,chihuahua,chihuahua,NA,NA,NA,NA,NA
NA,13S003206.SW,1504414,1505790,0.999086193957989,NA,NA,Swarts_etal_2017,ZM02-177:Navajo_Red_Corn,US - Athabaskan,Landrace,Unknown,Unknown,36.4734,-108.4114,1491,NA,NA,NA,NA
NA,13S011801.SW,1505638,1505790,0.999899056309313,NA,NA,Swarts_etal_2017,ZM15-027:Tarahumara_Bofo,N. Mexico High,Landrace,Unknown,Unknown,27.35,-107.5,2190,NA,NA,NA,NA
NA,13S018406.SW,1502381,1505790,0.997736072095046,NA,NA,Swarts_etal_2017,ZM16-002:Mountain_Pima_Bola,N. Mexico Mid,Landrace,Unknown,Unknown,28.41762,-108.3627,1400,NA,NA,NA,NA
NA,BLANK.1.SW,1505789,1505790,0.999999335896772,NA,NA,Swarts_etal_2017,NA,NA,Blank,Blank,Blank,NA,NA,NA,NA,NA,NA,NA
NA,BLANK.10.SW,1505725,1505790,0.999956833290167,NA,NA,Swarts_etal_2017,NA,NA,Blank,Blank,Blank,NA,NA,NA,NA,NA,NA,NA
NA,BLANK.11.SW,1502690,1505790,0.997941279992562,NA,NA,Swarts_etal_2017,NA,NA,Blank,Blank,Blank,NA,NA,NA,NA,NA,NA,NA
NA,BLANK.2.SW,1505762,1505790,0.99998140510961,NA,NA,Swarts_etal_2017,NA,NA,Blank,Blank,Blank,NA,NA,NA,NA,NA,NA,NA
NA,BLANK.3.SW,1503089,1505790,0.998206257180616,NA,NA,Swarts_etal_2017,NA,NA,Blank,Blank,Blank,NA,NA,NA,NA,NA,NA,NA
NA,BLANK.4.SW,1505547,1505790,0.999838622915546,NA,NA,Swarts_etal_2017,NA,NA,Blank,Blank,Blank,NA,NA,NA,NA,NA,NA,NA
NA,BLANK.5.SW,1505786,1505790,0.999997343587087,NA,NA,Swarts_etal_2017,NA,NA,Blank,Blank,Blank,NA,NA,NA,NA,NA,NA,NA
NA,BLANK.6.SW,1505714,1505790,0.999949528154656,NA,NA,Swarts_etal_2017,NA,NA,Blank,Blank,Blank,NA,NA,NA,NA,NA,NA,NA
NA,BLANK.7.SW,1505683,1505790,0.999928940954582,NA,NA,Swarts_etal_2017,NA,NA,Blank,Blank,Blank,NA,NA,NA,NA,NA,NA,NA
NA,BLANK.8.SW,1505728,1505790,0.999958825599851,NA,NA,Swarts_etal_2017,NA,NA,Blank,Blank,Blank,NA,NA,NA,NA,NA,NA,NA
NA,BLANK.9.SW,1505767,1505790,0.999984725625751,NA,NA,Swarts_etal_2017,NA,NA,Blank,Blank,Blank,NA,NA,NA,NA,NA,NA,NA
NA,CIM29379_03.SW,1505790,1505790,1,NA,NA,Swarts_etal_2017,CIM29379_03.SW,NA,Teosinte - Unknown,Unknown,Unknown,NA,NA,NA,NA,NA,NA,NA
NA,JSG_Y_LOS-75_03.SW,1501762,1505790,0.997324992196787,NA,NA,Swarts_etal_2017,JSG_Y_LOS-75,Mexicana − C. Plateau,Teosinte - Mexicana,Unknown,Unknown,20.11388889,-102.8958333,1700,NA,NA,NA,NA
NA,JSG-JMHC-629_01.SW,1504982,1505790,0.99946340459161,NA,NA,Swarts_etal_2017,JSG-JMHC-629,Mexicana − Chalco,Teosinte - Mexicana,Unknown,Unknown,19.07361111,-97.43055556,2670,NA,NA,NA,NA
NA,Ames23482.1.RY,1502706,1505790,0.997951905644213,NA,NA,Romay_etal_2013,Ames23482.1,NA,Inbred,Unknown,Unknown,NA,NA,NA,NA,NA,NA,NA
NA,Ames28291.11.RY,1505750,1505790,0.999973435870872,NA,NA,Romay_etal_2013,Ames28291.11,NA,Inbred,Unknown,Unknown,NA,NA,NA,NA,NA,NA,NA
NA,Ames30794.1.RY,1502349,1505790,0.997714820791744,NA,NA,Romay_etal_2013,Ames30794.1,NA,Inbred,Unknown,Unknown,NA,NA,NA,NA,NA,NA,NA
NA,BLANK.1.RY,1505790,1505790,1,NA,NA,Romay_etal_2013,BLANK.1,NA,Blank,Unknown,Unknown,NA,NA,NA,NA,NA,NA,NA
NA,BLANK.10.RY,1505505,1505790,0.999810730579961,NA,NA,Romay_etal_2013,BLANK.10,NA,Blank,Unknown,Unknown,NA,NA,NA,NA,NA,NA,NA
NA,BLANK.11.RY,1505783,1505790,0.999995351277403,NA,NA,Romay_etal_2013,BLANK.11,NA,Blank,Unknown,Unknown,NA,NA,NA,NA,NA,NA,NA
NA,BLANK.12.RY,1505521,1505790,0.999821356231613,NA,NA,Romay_etal_2013,BLANK.12,NA,Blank,Unknown,Unknown,NA,NA,NA,NA,NA,NA,NA
NA,BLANK.13.RY,1505786,1505790,0.999997343587087,NA,NA,Romay_etal_2013,BLANK.13,NA,Blank,Unknown,Unknown,NA,NA,NA,NA,NA,NA,NA
NA,BLANK.14.RY,1505490,1505790,0.999800769031538,NA,NA,Romay_etal_2013,BLANK.14,NA,Blank,Unknown,Unknown,NA,NA,NA,NA,NA,NA,NA
NA,BLANK.15.RY,1505788,1505790,0.999998671793544,NA,NA,Romay_etal_2013,BLANK.15,NA,Blank,Unknown,Unknown,NA,NA,NA,NA,NA,NA,NA
NA,BLANK.16.RY,1505759,1505790,0.999979412799926,NA,NA,Romay_etal_2013,BLANK.16,NA,Blank,Unknown,Unknown,NA,NA,NA,NA,NA,NA,NA
NA,BLANK.17.RY,1505784,1505790,0.999996015380631,NA,NA,Romay_etal_2013,BLANK.17,NA,Blank,Unknown,Unknown,NA,NA,NA,NA,NA,NA,NA
NA,BLANK.18.RY,1505775,1505790,0.999990038451577,NA,NA,Romay_etal_2013,BLANK.18,NA,Blank,Unknown,Unknown,NA,NA,NA,NA,NA,NA,NA
NA,BLANK.19.RY,1505788,1505790,0.999998671793544,NA,NA,Romay_etal_2013,BLANK.19,NA,Blank,Unknown,Unknown,NA,NA,NA,NA,NA,NA,NA
NA,BLANK.2.RY,1505696,1505790,0.999937574296549,NA,NA,Romay_etal_2013,BLANK.2,NA,Blank,Unknown,Unknown,NA,NA,NA,NA,NA,NA,NA
NA,BLANK.20.RY,1505773,1505790,0.99998871024512,NA,NA,Romay_etal_2013,BLANK.20,NA,Blank,Unknown,Unknown,NA,NA,NA,NA,NA,NA,NA
NA,BLANK.21.RY,1505758,1505790,0.999978748696697,NA,NA,Romay_etal_2013,BLANK.21,NA,Blank,Unknown,Unknown,NA,NA,NA,NA,NA,NA,NA
NA,BLANK.22.RY,1505303,1505790,0.999676581727864,NA,NA,Romay_etal_2013,BLANK.22,NA,Blank,Unknown,Unknown,NA,NA,NA,NA,NA,NA,NA
NA,BLANK.23.RY,1505773,1505790,0.99998871024512,NA,NA,Romay_etal_2013,BLANK.23,NA,Blank,Unknown,Unknown,NA,NA,NA,NA,NA,NA,NA
NA,BLANK.24.RY,1505755,1505790,0.999976756387013,NA,NA,Romay_etal_2013,BLANK.24,NA,Blank,Unknown,Unknown,NA,NA,NA,NA,NA,NA,NA
NA,BLANK.25.RY,1505771,1505790,0.999987382038664,NA,NA,Romay_etal_2013,BLANK.25,NA,Blank,Unknown,Unknown,NA,NA,NA,NA,NA,NA,NA
NA,BLANK.26.RY,1504992,1505790,0.999470045623892,NA,NA,Romay_etal_2013,BLANK.26,NA,Blank,Unknown,Unknown,NA,NA,NA,NA,NA,NA,NA
NA,BLANK.27.RY,1505784,1505790,0.999996015380631,NA,NA,Romay_etal_2013,BLANK.27,NA,Blank,Unknown,Unknown,NA,NA,NA,NA,NA,NA,NA
NA,BLANK.28.RY,1505778,1505790,0.999992030761262,NA,NA,Romay_etal_2013,BLANK.28,NA,Blank,Unknown,Unknown,NA,NA,NA,NA,NA,NA,NA
NA,BLANK.29.RY,1505748,1505790,0.999972107664415,NA,NA,Romay_etal_2013,BLANK.29,NA,Blank,Unknown,Unknown,NA,NA,NA,NA,NA,NA,NA
NA,BLANK.3.RY,1505780,1505790,0.999993358967718,NA,NA,Romay_etal_2013,BLANK.3,NA,Blank,Unknown,Unknown,NA,NA,NA,NA,NA,NA,NA
NA,BLANK.30.RY,1505775,1505790,0.999990038451577,NA,NA,Romay_etal_2013,BLANK.30,NA,Blank,Unknown,Unknown,NA,NA,NA,NA,NA,NA,NA
NA,BLANK.31.RY,1505769,1505790,0.999986053832208,NA,NA,Romay_etal_2013,BLANK.31,NA,Blank,Unknown,Unknown,NA,NA,NA,NA,NA,NA,NA
NA,BLANK.32.RY,1505788,1505790,0.999998671793544,NA,NA,Romay_etal_2013,BLANK.32,NA,Blank,Unknown,Unknown,NA,NA,NA,NA,NA,NA,NA
NA,BLANK.33.RY,1505754,1505790,0.999976092283785,NA,NA,Romay_etal_2013,BLANK.33,NA,Blank,Unknown,Unknown,NA,NA,NA,NA,NA,NA,NA
NA,BLANK.34.RY,1505786,1505790,0.999997343587087,NA,NA,Romay_etal_2013,BLANK.34,NA,Blank,Unknown,Unknown,NA,NA,NA,NA,NA,NA,NA
NA,BLANK.35.RY,1505787,1505790,0.999998007690315,NA,NA,Romay_etal_2013,BLANK.35,NA,Blank,Unknown,Unknown,NA,NA,NA,NA,NA,NA,NA
NA,BLANK.36.RY,1505756,1505790,0.999977420490241,NA,NA,Romay_etal_2013,BLANK.36,NA,Blank,Unknown,Unknown,NA,NA,NA,NA,NA,NA,NA
NA,BLANK.37.RY,1505585,1505790,0.999863858838218,NA,NA,Romay_etal_2013,BLANK.37,NA,Blank,Unknown,Unknown,NA,NA,NA,NA,NA,NA,NA
NA,BLANK.38.RY,1505789,1505790,0.999999335896772,NA,NA,Romay_etal_2013,BLANK.38,NA,Blank,Unknown,Unknown,NA,NA,NA,NA,NA,NA,NA
NA,BLANK.39.RY,1505737,1505790,0.999964802528905,NA,NA,Romay_etal_2013,BLANK.39,NA,Blank,Unknown,Unknown,NA,NA,NA,NA,NA,NA,NA
NA,BLANK.4.RY,1505702,1505790,0.999941558915918,NA,NA,Romay_etal_2013,BLANK.4,NA,Blank,Unknown,Unknown,NA,NA,NA,NA,NA,NA,NA
NA,BLANK.40.RY,1505771,1505790,0.999987382038664,NA,NA,Romay_etal_2013,BLANK.40,NA,Blank,Unknown,Unknown,NA,NA,NA,NA,NA,NA,NA
NA,BLANK.41.RY,1505783,1505790,0.999995351277403,NA,NA,Romay_etal_2013,BLANK.41,NA,Blank,Unknown,Unknown,NA,NA,NA,NA,NA,NA,NA
NA,BLANK.42.RY,1505784,1505790,0.999996015380631,NA,NA,Romay_etal_2013,BLANK.42,NA,Blank,Unknown,Unknown,NA,NA,NA,NA,NA,NA,NA
NA,BLANK.43.RY,1505790,1505790,1,NA,NA,Romay_etal_2013,BLANK.43,NA,Blank,Unknown,Unknown,NA,NA,NA,NA,NA,NA,NA
NA,BLANK.44.RY,1505788,1505790,0.999998671793544,NA,NA,Romay_etal_2013,BLANK.44,NA,Blank,Unknown,Unknown,NA,NA,NA,NA,NA,NA,NA
NA,BLANK.45.RY,1505790,1505790,1,NA,NA,Romay_etal_2013,BLANK.45,NA,Blank,Unknown,Unknown,NA,NA,NA,NA,NA,NA,NA
NA,BLANK.46.RY,1505738,1505790,0.999965466632133,NA,NA,Romay_etal_2013,BLANK.46,NA,Blank,Unknown,Unknown,NA,NA,NA,NA,NA,NA,NA
NA,BLANK.47.RY,1505691,1505790,0.999934253780408,NA,NA,Romay_etal_2013,BLANK.47,NA,Blank,Unknown,Unknown,NA,NA,NA,NA,NA,NA,NA
NA,BLANK.48.RY,1505778,1505790,0.999992030761262,NA,NA,Romay_etal_2013,BLANK.48,NA,Blank,Unknown,Unknown,NA,NA,NA,NA,NA,NA,NA
NA,BLANK.49.RY,1505749,1505790,0.999972771767644,NA,NA,Romay_etal_2013,BLANK.49,NA,Blank,Unknown,Unknown,NA,NA,NA,NA,NA,NA,NA
NA,BLANK.5.RY,1505786,1505790,0.999997343587087,NA,NA,Romay_etal_2013,BLANK.5,NA,Blank,Unknown,Unknown,NA,NA,NA,NA,NA,NA,NA
NA,BLANK.50.RY,1505761,1505790,0.999980741006382,NA,NA,Romay_etal_2013,BLANK.50,NA,Blank,Unknown,Unknown,NA,NA,NA,NA,NA,NA,NA
NA,BLANK.51.RY,1505722,1505790,0.999954840980482,NA,NA,Romay_etal_2013,BLANK.51,NA,Blank,Unknown,Unknown,NA,NA,NA,NA,NA,NA,NA
NA,BLANK.52.RY,1505729,1505790,0.999959489703079,NA,NA,Romay_etal_2013,BLANK.52,NA,Blank,Unknown,Unknown,NA,NA,NA,NA,NA,NA,NA
NA,BLANK.53.RY,1505076,1505790,0.999525830295061,NA,NA,Romay_etal_2013,BLANK.53,NA,Blank,Unknown,Unknown,NA,NA,NA,NA,NA,NA,NA
NA,BLANK.54.RY,1505632,1505790,0.999895071689944,NA,NA,Romay_etal_2013,BLANK.54,NA,Blank,Unknown,Unknown,NA,NA,NA,NA,NA,NA,NA
NA,BLANK.55.RY,1505576,1505790,0.999857881909164,NA,NA,Romay_etal_2013,BLANK.55,NA,Blank,Unknown,Unknown,NA,NA,NA,NA,NA,NA,NA
NA,BLANK.56.RY,1505718,1505790,0.999952184567569,NA,NA,Romay_etal_2013,BLANK.56,NA,Blank,Unknown,Unknown,NA,NA,NA,NA,NA,NA,NA
NA,BLANK.57.RY,1505640,1505790,0.999900384515769,NA,NA,Romay_etal_2013,BLANK.57,NA,Blank,Unknown,Unknown,NA,NA,NA,NA,NA,NA,NA
NA,BLANK.58.RY,1505784,1505790,0.999996015380631,NA,NA,Romay_etal_2013,BLANK.58,NA,Blank,Unknown,Unknown,NA,NA,NA,NA,NA,NA,NA
NA,BLANK.59.RY,1505790,1505790,1,NA,NA,Romay_etal_2013,BLANK.59,NA,Blank,Unknown,Unknown,NA,NA,NA,NA,NA,NA,NA
NA,BLANK.6.RY,1505645,1505790,0.99990370503191,NA,NA,Romay_etal_2013,BLANK.6,NA,Blank,Unknown,Unknown,NA,NA,NA,NA,NA,NA,NA
NA,BLANK.60.RY,1505364,1505790,0.999717092024784,NA,NA,Romay_etal_2013,BLANK.60,NA,Blank,Unknown,Unknown,NA,NA,NA,NA,NA,NA,NA
NA,BLANK.61.RY,1505602,1505790,0.999875148593097,NA,NA,Romay_etal_2013,BLANK.61,NA,Blank,Unknown,Unknown,NA,NA,NA,NA,NA,NA,NA
NA,BLANK.62.RY,1505692,1505790,0.999934917883636,NA,NA,Romay_etal_2013,BLANK.62,NA,Blank,Unknown,Unknown,NA,NA,NA,NA,NA,NA,NA
NA,BLANK.63.RY,1505730,1505790,0.999960153806308,NA,NA,Romay_etal_2013,BLANK.63,NA,Blank,Unknown,Unknown,NA,NA,NA,NA,NA,NA,NA
NA,BLANK.64.RY,1505790,1505790,1,NA,NA,Romay_etal_2013,BLANK.64,NA,Blank,Unknown,Unknown,NA,NA,NA,NA,NA,NA,NA
NA,BLANK.65.RY,1505789,1505790,0.999999335896772,NA,NA,Romay_etal_2013,BLANK.65,NA,Blank,Unknown,Unknown,NA,NA,NA,NA,NA,NA,NA
NA,BLANK.7.RY,1505789,1505790,0.999999335896772,NA,NA,Romay_etal_2013,BLANK.7,NA,Blank,Unknown,Unknown,NA,NA,NA,NA,NA,NA,NA
NA,BLANK.8.RY,1505788,1505790,0.999998671793544,NA,NA,Romay_etal_2013,BLANK.8,NA,Blank,Unknown,Unknown,NA,NA,NA,NA,NA,NA,NA
NA,BLANK.9.RY,1505790,1505790,1,NA,NA,Romay_etal_2013,BLANK.9,NA,Blank,Unknown,Unknown,NA,NA,NA,NA,NA,NA,NA
NA,CML342(Krakowsky).1.RY,1505749,1505790,0.999972771767644,NA,NA,Romay_etal_2013,CML342(Krakowsky).1,NA,Inbred,Unknown,Unknown,NA,NA,NA,NA,NA,NA,NA
NA,EA2000.1.RY,1504093,1505790,0.998873016821735,NA,NA,Romay_etal_2013,EA2000.1,NA,Inbred,Unknown,Unknown,NA,NA,NA,NA,NA,NA,NA
NA,EP46.1.RY,1504710,1505790,0.999282768513538,NA,NA,Romay_etal_2013,EP46.1,NA,Inbred,Unknown,Unknown,NA,NA,NA,NA,NA,NA,NA
NA,GEMN-0171.1.RY,1505786,1505790,0.999997343587087,NA,NA,Romay_etal_2013,GEMN-0171.1,NA,Inbred,Unknown,Unknown,NA,NA,NA,NA,NA,NA,NA
NA,GEMN-0204.1.RY,1505786,1505790,0.999997343587087,NA,NA,Romay_etal_2013,GEMN-0204.1,NA,Inbred,Unknown,Unknown,NA,NA,NA,NA,NA,NA,NA
NA,GEMS-0218.1.RY,1505789,1505790,0.999999335896772,NA,NA,Romay_etal_2013,GEMS-0218.1,NA,Inbred,Unknown,Unknown,NA,NA,NA,NA,NA,NA,NA
NA,PI340837.1.RY,1505687,1505790,0.999931597367495,NA,NA,Romay_etal_2013,PI340837.1,NA,Inbred,Unknown,Unknown,NA,NA,NA,NA,NA,NA,NA
NA,PI601457.2.RY,1505766,1505790,0.999984061522523,NA,NA,Romay_etal_2013,PI601457.2,NA,Inbred,Unknown,Unknown,NA,NA,NA,NA,NA,NA,NA
NA,PI601498.2.RY,1505757,1505790,0.999978084593469,NA,NA,Romay_etal_2013,PI601498.2,NA,Inbred,Unknown,Unknown,NA,NA,NA,NA,NA,NA,NA
NA,PI613179.2.RY,1505725,1505790,0.999956833290167,NA,NA,Romay_etal_2013,PI613179.2,NA,Inbred,Unknown,Unknown,NA,NA,NA,NA,NA,NA,NA
NA,SC375.1.RY,1504460,1505790,0.999116742706486,NA,NA,Romay_etal_2013,SC375.1,NA,Inbred,Unknown,Unknown,NA,NA,NA,NA,NA,NA,NA
NA,tripsacum.1.RY,1503463,1505790,0.998454631787965,NA,NA,Romay_etal_2013,tripsacum.1,NA,Inbred,Unknown,Unknown,NA,NA,NA,NA,NA,NA,NA
NA,tripsacum.2.RY,1502145,1505790,0.99757934373319,NA,NA,Romay_etal_2013,tripsacum.2,NA,Inbred,Unknown,Unknown,NA,NA,NA,NA,NA,NA,NA
NA,BLANK.1.DC1,1505675,1505790,0.999923628128756,NA,NA,Dawe_Lab_1,NA,NA,Blank,Blank,Blank,NA,NA,NA,NA,NA,NA,NA
NA,BLANK.1.DC2,1505713,1505790,0.999948864051428,NA,NA,Dawe_Lab_2,NA,NA,Blank,Blank,Blank,NA,NA,NA,NA,NA,NA,NA
NA,BLANK.2.DC1,1505463,1505790,0.999782838244377,NA,NA,Dawe_Lab_1,NA,NA,Blank,Blank,Blank,NA,NA,NA,NA,NA,NA,NA
